antecedents,consequents,antecedent support,consequent support,support,confidence,lift,leverage,conviction,zhangs_metric
frozenset({'USB-C Charging Cable'}),frozenset({'Google Phone'}),0.12248020309689134,0.0309464965225822,0.005587406199386898,0.04561885152139098,1.4741200668095695,0.0017970730201637888,1.0153736848450938,0.3665207409022484
frozenset({'Lightning Charging Cable'}),frozenset({'iPhone'}),0.1210735441640467,0.03833285697473058,0.005665865263370265,0.0467968894649139,1.2208035914401814,0.0010247704115061368,1.0088795686844034,0.20578219615220938
