antecedents,consequents,antecedent support,consequent support,support,confidence,lift,leverage,conviction,zhangs_metric,Week of the Year
frozenset({'USB-C Charging Cable'}),frozenset({'Google Phone'}),0.1207095139368809,0.0285648468094909,0.0066804883667357755,0.05534351145038169,1.9374692194040881,0.003232439592680666,1.0283475157006603,0.5502877327382942,41
frozenset({'Google Phone'}),frozenset({'USB-C Charging Cable'}),0.0285648468094909,0.1207095139368809,0.0066804883667357755,0.2338709677419355,1.937469219404088,0.003232439592680666,1.147705476545545,0.498090651141112,41
frozenset({'Vareebadd Phone'}),frozenset({'USB-C Charging Cable'}),0.009214466712739,0.1207095139368809,0.001612531674729325,0.175,1.4497614503816794,0.0005002578766470315,1.0658066497734777,0.3131165509682133,41
frozenset({'USB-C Charging Cable'}),frozenset({'Vareebadd Phone'}),0.1207095139368809,0.009214466712739,0.001612531674729325,0.0133587786259542,1.4497614503816794,0.0005002578766470315,1.0042004244536262,0.3528200905722519,41
frozenset({'Vareebadd Phone'}),frozenset({'Wired Headphones'}),0.009214466712739,0.10066804883667357,0.001151808339092375,0.125,1.2417048054919908,0.00022420595405046233,1.0278079441866588,0.1964659381539177,41
frozenset({'Wired Headphones'}),frozenset({'Vareebadd Phone'}),0.10066804883667357,0.009214466712739,0.001151808339092375,0.011441647597254006,1.241704805491991,0.00022420595405046233,1.0022529584410487,0.21644467213114754,41
