antecedents,consequents,antecedent support,consequent support,support,confidence,lift,leverage,conviction,zhangs_metric,Week of the Year
frozenset({'USB-C Charging Cable'}),frozenset({'Google Phone'}),0.12193548387096774,0.03225806451612903,0.006129032258064516,0.05026455026455027,1.5582010582010584,0.0021956295525494282,1.0189594752448559,0.40798174716733066,30
frozenset({'Google Phone'}),frozenset({'USB-C Charging Cable'}),0.03225806451612903,0.12193548387096774,0.006129032258064516,0.19,1.5582010582010581,0.0021956295525494282,1.0840302668259656,0.37017543859649127,30
frozenset({'Lightning Charging Cable'}),frozenset({'iPhone'}),0.12096774193548387,0.035806451612903224,0.007419354838709678,0.06133333333333333,1.7129129129129128,0.0030879292403746096,1.0271948313782993,0.47347427203829273,30
frozenset({'iPhone'}),frozenset({'Lightning Charging Cable'}),0.035806451612903224,0.12096774193548387,0.007419354838709678,0.20720720720720723,1.712912912912913,0.0030879292403746096,1.1087793255131964,0.4316551994996145,30
frozenset({'Vareebadd Phone'}),frozenset({'USB-C Charging Cable'}),0.00903225806451613,0.12193548387096774,0.0016129032258064516,0.17857142857142855,1.4644746787603928,0.0005115504682622267,1.0689481065918653,0.32005208333333324,30
frozenset({'USB-C Charging Cable'}),frozenset({'Vareebadd Phone'}),0.12193548387096774,0.00903225806451613,0.0016129032258064516,0.013227513227513229,1.464474678760393,0.0005115504682622267,1.0042514918273804,0.3612049963262306,30
