antecedents,consequents,antecedent support,consequent support,support,confidence,lift,leverage,conviction,zhangs_metric,Week of the Year
frozenset({'Google Phone'}),frozenset({'USB-C Charging Cable'}),0.0340201245807379,0.12961188308576904,0.005989458552946814,0.17605633802816903,1.3583348519955223,0.0015800461432249153,1.0563684837762461,0.2730952380952381,15
frozenset({'USB-C Charging Cable'}),frozenset({'Google Phone'}),0.12961188308576904,0.0340201245807379,0.005989458552946814,0.04621072088724584,1.3583348519955223,0.0015800461432249153,1.012781225972521,0.30308835672997525,15
frozenset({'Lightning Charging Cable'}),frozenset({'iPhone'}),0.12242453282223287,0.039051269765213226,0.006468615237182559,0.052837573385518595,1.3530308669395987,0.001687781780061342,1.01455537427681,0.2973175195397418,15
frozenset({'iPhone'}),frozenset({'Lightning Charging Cable'}),0.039051269765213226,0.12242453282223287,0.006468615237182559,0.1656441717791411,1.3530308669395987,0.001687781780061342,1.0518000084557062,0.27152183347645825,15
frozenset({'Vareebadd Phone'}),frozenset({'USB-C Charging Cable'}),0.011260182079540009,0.12961188308576904,0.0016770483948251077,0.14893617021276595,1.149093483305148,0.00021759499160729648,1.0227060373742214,0.1312264183599295,15
frozenset({'USB-C Charging Cable'}),frozenset({'Vareebadd Phone'}),0.12961188308576904,0.011260182079540009,0.0016770483948251077,0.012939001848428834,1.149093483305148,0.00021759499160729648,1.0017008267696046,0.14907003263733254,15
