antecedents,consequents,antecedent support,consequent support,support,confidence,lift,leverage,conviction,zhangs_metric,Week of the Year
frozenset({'Bose SoundSport Headphones'}),frozenset({'Google Phone'}),0.06573705179282868,0.02954847277556441,0.0023240371845949536,0.03535353535353536,1.1964589717398708,0.00038160769934868764,1.006017813562504,0.17575388364300945,23
frozenset({'Google Phone'}),frozenset({'Bose SoundSport Headphones'}),0.02954847277556441,0.06573705179282868,0.0023240371845949536,0.07865168539325842,1.1964589717398706,0.00038160769934868764,1.0140171023224176,0.16919994135184008,23
frozenset({'Google Phone'}),frozenset({'USB-C Charging Cable'}),0.02954847277556441,0.10657370517928287,0.005312084993359893,0.17977528089887637,1.6868633833875877,0.0021629947672788257,1.0892457566992304,0.41958176530961333,23
frozenset({'USB-C Charging Cable'}),frozenset({'Google Phone'}),0.10657370517928287,0.02954847277556441,0.005312084993359893,0.04984423676012461,1.686863383387588,0.0021629947672788257,1.0213604598001438,0.4557552954292084,23
frozenset({'Lightning Charging Cable'}),frozenset({'iPhone'}),0.12118193891102258,0.03718459495351926,0.0063081009296148734,0.05205479452054794,1.3999021526418785,0.0018019996155263845,1.0156867712195534,0.32505517666474454,23
frozenset({'iPhone'}),frozenset({'Lightning Charging Cable'}),0.03718459495351926,0.12118193891102258,0.0063081009296148734,0.16964285714285712,1.3999021526418785,0.0018019996155263845,1.0583615359351126,0.2966969147005444,23
frozenset({'USB-C Charging Cable'}),frozenset({'Vareebadd Phone'}),0.10657370517928287,0.014608233731739707,0.00298804780876494,0.028037383177570093,1.91928632115548,0.0014311942138484574,1.0138165287567678,0.5361080143688839,23
frozenset({'Vareebadd Phone'}),frozenset({'USB-C Charging Cable'}),0.014608233731739707,0.10657370517928287,0.00298804780876494,0.20454545454545456,1.91928632115548,0.0014311942138484574,1.123164484917473,0.48607367475292007,23
