antecedents,consequents,antecedent support,consequent support,support,confidence,lift,leverage,conviction,zhangs_metric,Week of the Year
frozenset({'Google Phone'}),frozenset({'USB-C Charging Cable'}),0.03280224929709466,0.12417994376757263,0.007029053420805998,0.21428571428571427,1.7256064690026953,0.0029556719476428843,1.114680071568544,0.43475452196382425,4
frozenset({'USB-C Charging Cable'}),frozenset({'Google Phone'}),0.12417994376757263,0.03280224929709466,0.007029053420805998,0.05660377358490566,1.7256064690026953,0.0029556719476428843,1.0252296157450798,0.48011414303549127,4
frozenset({'Lightning Charging Cable'}),frozenset({'iPhone'}),0.11433926897844424,0.05107778819119025,0.009840674789128397,0.0860655737704918,1.6849902240938488,0.004000477826311892,1.0382825994679354,0.4590073066263542,4
frozenset({'iPhone'}),frozenset({'Lightning Charging Cable'}),0.05107778819119025,0.11433926897844424,0.009840674789128397,0.1926605504587156,1.6849902240938488,0.004000477826311892,1.0970115872880633,0.42840681951793064,4
frozenset({'Vareebadd Phone'}),frozenset({'USB-C Charging Cable'}),0.01499531396438613,0.12417994376757263,0.0018744142455482662,0.125,1.0066037735849056,1.22970006736999e-05,1.0009372071227742,0.006660323501427177,4
frozenset({'USB-C Charging Cable'}),frozenset({'Vareebadd Phone'}),0.12417994376757263,0.01499531396438613,0.0018744142455482662,0.01509433962264151,1.0066037735849056,1.22970006736999e-05,1.0001005432928647,0.0074906367041198095,4
frozenset({'Wired Headphones'}),frozenset({'iPhone'}),0.10637300843486411,0.05107778819119025,0.007029053420805998,0.06607929515418502,1.2936992280645032,0.0015957554267103154,1.0160629343424519,0.2540464953679427,4
frozenset({'iPhone'}),frozenset({'Wired Headphones'}),0.05107778819119025,0.10637300843486411,0.007029053420805998,0.13761467889908258,1.2936992280645032,0.0015957554267103154,1.0362270434106364,0.2392427983539095,4
