antecedents,consequents,antecedent support,consequent support,support,confidence,lift,leverage,conviction,zhangs_metric,Week of the Year
frozenset({'Google Phone'}),frozenset({'USB-C Charging Cable'}),0.029411764705882353,0.12732688011913626,0.006329113924050633,0.21518987341772153,1.6900584795321638,0.0025842056852525075,1.1119544592030361,0.4206773618538324,37
frozenset({'USB-C Charging Cable'}),frozenset({'Google Phone'}),0.12732688011913626,0.029411764705882353,0.006329113924050633,0.049707602339181284,1.6900584795321636,0.0025842056852525075,1.0213574660633484,0.46787793615739814,37
frozenset({'Lightning Charging Cable'}),frozenset({'iPhone'}),0.114668652271035,0.0379746835443038,0.007073715562174236,0.06168831168831169,1.6244588744588744,0.0027192097797298694,1.0252726555998424,0.43419945996193166,37
frozenset({'iPhone'}),frozenset({'Lightning Charging Cable'}),0.0379746835443038,0.114668652271035,0.007073715562174236,0.18627450980392155,1.6244588744588742,0.0027192097797298694,1.087997559859692,0.399584487534626,37
frozenset({'Vareebadd Phone'}),frozenset({'USB-C Charging Cable'}),0.013030528667163067,0.12732688011913626,0.0029784065524944155,0.2285714285714286,1.79515455304929,0.0013192699910015752,1.1312429331788976,0.4487929083364768,37
frozenset({'USB-C Charging Cable'}),frozenset({'Vareebadd Phone'}),0.12732688011913626,0.013030528667163067,0.0029784065524944155,0.023391812865497078,1.79515455304929,0.0013192699910015752,1.0106094586701504,0.5075725255972696,37
frozenset({'Wired Headphones'}),frozenset({'iPhone'}),0.10089352196574833,0.0379746835443038,0.004095309009679821,0.04059040590405904,1.068880688806888,0.0002639094413602644,1.0027263875365142,0.07167325428194986,37
frozenset({'iPhone'}),frozenset({'Wired Headphones'}),0.0379746835443038,0.10089352196574833,0.004095309009679821,0.10784313725490195,1.068880688806888,0.0002639094413602644,1.0077896786757545,0.06698564593301429,37
