antecedents,consequents,antecedent support,consequent support,support,confidence,lift,leverage,conviction,zhangs_metric,Week of the Year
frozenset({'Google Phone'}),frozenset({'USB-C Charging Cable'}),0.03652221313709458,0.11583537748705369,0.00681384573453257,0.18656716417910446,1.6106233538191395,0.002583281389134588,1.0869546735480256,0.39349363507779345,18
frozenset({'USB-C Charging Cable'}),frozenset({'Google Phone'}),0.11583537748705369,0.03652221313709458,0.00681384573453257,0.058823529411764705,1.6106233538191395,0.002583281389134588,1.023695148541837,0.42879161528976567,18
frozenset({'Lightning Charging Cable'}),frozenset({'iPhone'}),0.11856091578086672,0.03733987462523849,0.005996184246388662,0.05057471264367816,1.354442486785804,0.0015691345156776393,1.0139398414964196,0.2968881767583066,18
frozenset({'iPhone'}),frozenset({'Lightning Charging Cable'}),0.03733987462523849,0.11856091578086672,0.005996184246388662,0.16058394160583941,1.3544424867858043,0.0015691345156776393,1.050062213374098,0.2718392875527643,18
frozenset({'USB-C Charging Cable'}),frozenset({'Vareebadd Phone'}),0.11583537748705369,0.012264922322158627,0.0024529844644317253,0.021176470588235297,1.7265882352941178,0.0010322725573950896,1.0091043461852949,0.47595561035758327,18
frozenset({'Vareebadd Phone'}),frozenset({'USB-C Charging Cable'}),0.012264922322158627,0.11583537748705369,0.0024529844644317253,0.19999999999999998,1.7265882352941175,0.0010322725573950896,1.1052057781411828,0.42604856512141276,18
