antecedents,consequents,antecedent support,consequent support,support,confidence,lift,leverage,conviction,zhangs_metric,Week of the Year
frozenset({'USB-C Charging Cable'}),frozenset({'Google Phone'}),0.1261753108886867,0.03184713375796178,0.00545950864422202,0.04326923076923077,1.3586538461538462,0.0014411866413976031,1.011938674263035,0.3020941802614832,10
frozenset({'Google Phone'}),frozenset({'USB-C Charging Cable'}),0.03184713375796178,0.1261753108886867,0.00545950864422202,0.17142857142857143,1.358653846153846,0.0014411866413976031,1.054616004099861,0.27266081871345027,10
frozenset({'Lightning Charging Cable'}),frozenset({'iPhone'}),0.11677282377919321,0.03548680618744313,0.005762814680012132,0.04935064935064935,1.3906759906759907,0.0016189201145994526,1.0145835508684,0.3180668016194332,10
frozenset({'iPhone'}),frozenset({'Lightning Charging Cable'}),0.03548680618744313,0.11677282377919321,0.005762814680012132,0.16239316239316237,1.3906759906759905,0.0016189201145994526,1.0544650981411674,0.2912611717974181,10
frozenset({'Vareebadd Phone'}),frozenset({'USB-C Charging Cable'}),0.0124355474673946,0.1261753108886867,0.0018198362147406734,0.14634146341463417,1.1598264540337713,0.00025077714697113924,1.0236232072446814,0.13953726453726456,10
frozenset({'USB-C Charging Cable'}),frozenset({'Vareebadd Phone'}),0.1261753108886867,0.0124355474673946,0.0018198362147406734,0.014423076923076922,1.159826454033771,0.00025077714697113924,1.0020166152525947,0.1576998727293764,10
frozenset({'Vareebadd Phone'}),frozenset({'Wired Headphones'}),0.0124355474673946,0.10160752198968759,0.0021231422505307855,0.17073170731707318,1.6803057881325085,0.000859597087783685,1.0833556352477298,0.4099684099684101,10
frozenset({'Wired Headphones'}),frozenset({'Vareebadd Phone'}),0.10160752198968759,0.0124355474673946,0.0021231422505307855,0.020895522388059702,1.6803057881325083,0.000859597087783685,1.0086405231659232,0.45066075045818477,10
