antecedents,consequents,antecedent support,consequent support,support,confidence,lift,leverage,conviction,zhangs_metric,Week of the Year
frozenset({'iPhone'}),frozenset({'Lightning Charging Cable'}),0.05592841163310962,0.157877916267178,0.009587727708533078,0.17142857142857146,1.0858299595141703,0.0007578666197647337,1.0163542389878888,0.08372827804107438,48
frozenset({'Lightning Charging Cable'}),frozenset({'iPhone'}),0.157877916267178,0.05592841163310962,0.009587727708533078,0.06072874493927126,1.08582995951417,0.0007578666197647337,1.0051106996837154,0.09386464263124619,48
