antecedents,consequents,antecedent support,consequent support,support,confidence,lift,leverage,conviction,zhangs_metric,Week of the Year
frozenset({'Lightning Charging Cable'}),frozenset({'iPhone'}),0.16269662921348316,0.0602247191011236,0.009887640449438202,0.060773480662983416,1.0091118990681947,8.928165635651956e-05,1.0005842696629212,0.010784170204459929,25
frozenset({'iPhone'}),frozenset({'Lightning Charging Cable'}),0.0602247191011236,0.16269662921348316,0.009887640449438202,0.16417910447761191,1.0091118990681947,8.928165635651956e-05,1.0017736757624398,0.009608277900960712,25
