antecedents,consequents,antecedent support,consequent support,support,confidence,lift,leverage,conviction,zhangs_metric,Week of the Year
frozenset({'Google Phone'}),frozenset({'USB-C Charging Cable'}),0.03587115666178624,0.11456808199121522,0.006588579795021962,0.1836734693877551,1.6031818478189999,0.0024788901774747104,1.0846540995607612,0.3902387581203071,31
frozenset({'USB-C Charging Cable'}),frozenset({'Google Phone'}),0.11456808199121522,0.03587115666178624,0.006588579795021962,0.05750798722044729,1.6031818478189999,0.0024788901774747104,1.022957043948681,0.42492306278995,31
frozenset({'Google Phone'}),frozenset({'Wired Headphones'}),0.03587115666178624,0.09956076134699854,0.0036603221083455345,0.10204081632653061,1.0249099639855943,8.896244070063803e-05,1.0027618794090243,0.025208807896734964,31
frozenset({'Wired Headphones'}),frozenset({'Google Phone'}),0.09956076134699854,0.03587115666178624,0.0036603221083455345,0.03676470588235294,1.0249099639855943,8.896244070063803e-05,1.0009276541526495,0.026991869918699143,31
frozenset({'USB-C Charging Cable'}),frozenset({'Vareebadd Phone'}),0.11456808199121522,0.010248901903367497,0.0021961932650073207,0.01916932907348243,1.8703788224555,0.0010219962314223915,1.0090947677662736,0.5255615268017086,31
frozenset({'Vareebadd Phone'}),frozenset({'USB-C Charging Cable'}),0.010248901903367497,0.11456808199121522,0.0021961932650073207,0.21428571428571427,1.8703788224554998,0.0010219962314223915,1.1269133501929989,0.47016765285996054,31
frozenset({'Wired Headphones'}),frozenset({'Vareebadd Phone'}),0.09956076134699854,0.010248901903367497,0.0010980966325036604,0.011029411764705883,1.076155462184874,7.770815603368999e-05,1.0007892144322827,0.07859078590785909,31
frozenset({'Vareebadd Phone'}),frozenset({'Wired Headphones'}),0.010248901903367497,0.09956076134699854,0.0010980966325036604,0.10714285714285714,1.076155462184874,7.770815603368999e-05,1.0084919472913616,0.07149901380670613,31
