antecedents,consequents,antecedent support,consequent support,support,confidence,lift,leverage,conviction,zhangs_metric,Week of the Year
frozenset({'iPhone'}),frozenset({'Lightning Charging Cable'}),0.054277029960920535,0.16022579244463742,0.010421189752496743,0.192,1.198308943089431,0.0017246096154669224,1.0393245143011913,0.1749885215794307,26
frozenset({'Lightning Charging Cable'}),frozenset({'iPhone'}),0.16022579244463742,0.054277029960920535,0.010421189752496743,0.06504065040650407,1.1983089430894311,0.0017246096154669224,1.011512394041798,0.19706566701137543,26
