antecedents,consequents,antecedent support,consequent support,support,confidence,lift,leverage,conviction,zhangs_metric,Week of the Year
frozenset({'Google Phone'}),frozenset({'USB-C Charging Cable'}),0.03089187842551071,0.1073741903338316,0.004235176880916791,0.13709677419354838,1.2768131127909585,0.0009181864470864183,1.0344448635383634,0.22371087252381675,17
frozenset({'USB-C Charging Cable'}),frozenset({'Google Phone'}),0.1073741903338316,0.03089187842551071,0.004235176880916791,0.03944315545243619,1.2768131127909588,0.0009181864470864183,1.0089024164217508,0.24287895454023084,17
frozenset({'Lightning Charging Cable'}),frozenset({'iPhone'}),0.1245640259093174,0.03388141504733433,0.004484304932735426,0.036,1.0625294117647057,0.0002638994709349366,1.0021977022330557,0.06722317080882821,17
frozenset({'iPhone'}),frozenset({'Lightning Charging Cable'}),0.03388141504733433,0.1245640259093174,0.004484304932735426,0.1323529411764706,1.062529411764706,0.0002638994709349366,1.0089770548841765,0.06091341470402845,17
frozenset({'USB-C Charging Cable'}),frozenset({'Vareebadd Phone'}),0.1073741903338316,0.010214250124564025,0.001993024414549078,0.018561484918793503,1.81721464546432,0.0008962775775567774,1.008505102118943,0.5038026793190064,17
frozenset({'Vareebadd Phone'}),frozenset({'USB-C Charging Cable'}),0.010214250124564025,0.1073741903338316,0.001993024414549078,0.1951219512195122,1.81721464546432,0.0008962775775567774,1.1090199453428153,0.45434809967279133,17
