antecedents,consequents,antecedent support,consequent support,support,confidence,lift,leverage,conviction,zhangs_metric,Week of the Year
frozenset({'USB-C Charging Cable'}),frozenset({'Google Phone'}),0.11935402472874085,0.029270754478930103,0.0058036840777189,0.048625792811839326,1.6612415251148211,0.002310101723811774,1.0203442958477023,0.4519870437274199,45
frozenset({'Google Phone'}),frozenset({'USB-C Charging Cable'}),0.029270754478930103,0.11935402472874085,0.0058036840777189,0.19827586206896552,1.6612415251148211,0.002310101723811774,1.0984401411985598,0.4100428340547688,45
frozenset({'Lightning Charging Cable'}),frozenset({'iPhone'}),0.12061569518041887,0.035074438556649004,0.004289679535705274,0.03556485355648536,1.0139821197435357,5.915174613216681e-05,1.0005084997178346,0.01568064815596257,45
frozenset({'iPhone'}),frozenset({'Lightning Charging Cable'}),0.035074438556649004,0.12061569518041887,0.004289679535705274,0.1223021582733813,1.0139821197435357,5.915174613216681e-05,1.001921462048539,0.014290548855525512,45
frozenset({'Vareebadd Phone'}),frozenset({'USB-C Charging Cable'}),0.010850365884430987,0.11935402472874085,0.001514004542013626,0.13953488372093023,1.169084025763312,0.00021896970392736395,1.0234534307206526,0.14621598639455782,45
frozenset({'USB-C Charging Cable'}),frozenset({'Vareebadd Phone'}),0.11935402472874085,0.010850365884430987,0.001514004542013626,0.012684989429175475,1.1690840257633117,0.00021896970392736395,1.001858194725191,0.16423113658070676,45
