antecedents,consequents,antecedent support,consequent support,support,confidence,lift,leverage,conviction,zhangs_metric,Week of the Year
frozenset({'Vareebadd Phone'}),frozenset({'Bose SoundSport Headphones'}),0.011258443832874656,0.07930948211158369,0.0010007505629221916,0.08888888888888888,1.1207851384507534,0.00010784921315454938,1.0105139830482617,0.10899544534412951,47
frozenset({'Bose SoundSport Headphones'}),frozenset({'Vareebadd Phone'}),0.07930948211158369,0.011258443832874656,0.0010007505629221916,0.012618296529968454,1.1207851384507534,0.00010784921315454938,1.0013772310063218,0.11705163043478257,47
frozenset({'Google Phone'}),frozenset({'USB-C Charging Cable'}),0.030272704528396296,0.12384288216162122,0.00600450337753315,0.19834710743801653,1.60160280490859,0.0022554443979093904,1.0929382603963282,0.3873516511867905,47
frozenset({'USB-C Charging Cable'}),frozenset({'Google Phone'}),0.12384288216162122,0.030272704528396296,0.00600450337753315,0.048484848484848485,1.60160280490859,0.0022554443979093904,1.0191401512918128,0.4287193032552827,47
frozenset({'Lightning Charging Cable'}),frozenset({'iPhone'}),0.11933950462847136,0.044033024768576436,0.0055041280960720545,0.04612159329140461,1.0474318658280921,0.0002492487328969329,1.0021895542536023,0.05142045454545449,47
frozenset({'iPhone'}),frozenset({'Lightning Charging Cable'}),0.044033024768576436,0.11933950462847136,0.0055041280960720545,0.125,1.0474318658280921,0.0002492487328969329,1.0064691375674613,0.047369798482072706,47
frozenset({'Vareebadd Phone'}),frozenset({'USB-C Charging Cable'}),0.011258443832874656,0.12384288216162122,0.0017513134851138354,0.15555555555555556,1.2560718294051627,0.0003570353521959082,1.0375544816507118,0.20618854829381142,47
frozenset({'USB-C Charging Cable'}),frozenset({'Vareebadd Phone'}),0.12384288216162122,0.011258443832874656,0.0017513134851138354,0.01414141414141414,1.2560718294051627,0.0003570353521959082,1.0029243243908341,0.2326833646079791,47
