antecedents,consequents,antecedent support,consequent support,support,confidence,lift,leverage,conviction,zhangs_metric,Week of the Year
frozenset({'USB-C Charging Cable'}),frozenset({'Google Phone'}),0.12229052086703332,0.031381429957942415,0.0061468780329990294,0.05026455026455027,1.601729122347679,0.0023092266178899278,1.0198825055038934,0.4280171493976371,24
frozenset({'Google Phone'}),frozenset({'USB-C Charging Cable'}),0.031381429957942415,0.12229052086703332,0.0061468780329990294,0.1958762886597938,1.601729122347679,0.0023092266178899278,1.0915105061012533,0.38784586717294234,24
frozenset({'Lightning Charging Cable'}),frozenset({'iPhone'}),0.11776124231640246,0.03946942736978324,0.006793917825946296,0.05769230769230769,1.4616960907944514,0.002145949025363604,1.0193385668728832,0.35802469135802467,24
frozenset({'iPhone'}),frozenset({'Lightning Charging Cable'}),0.03946942736978324,0.11776124231640246,0.006793917825946296,0.1721311475409836,1.4616960907944514,0.002145949025363604,1.0656745389841473,0.32884248343999095,24
frozenset({'Vareebadd Phone'}),frozenset({'USB-C Charging Cable'}),0.01035263668715626,0.12229052086703332,0.002588159171789065,0.25,2.0443121693121693,0.0013221298389695679,1.1702793055106222,0.5161817587446879,24
frozenset({'USB-C Charging Cable'}),frozenset({'Vareebadd Phone'}),0.12229052086703332,0.01035263668715626,0.002588159171789065,0.021164021164021166,2.0443121693121693,0.0013221298389695679,1.0110451441412296,0.5820125322521195,24
