antecedents,consequents,antecedent support,consequent support,support,confidence,lift,leverage,conviction,zhangs_metric,Week of the Year
frozenset({'iPhone'}),frozenset({'Lightning Charging Cable'}),0.06787048567870485,0.1519302615193026,0.013075965130759652,0.1926605504587156,1.2680854263799068,0.0027643844921519407,1.050450016981773,0.22680281197315275,4
frozenset({'Lightning Charging Cable'}),frozenset({'iPhone'}),0.1519302615193026,0.06787048567870485,0.013075965130759652,0.0860655737704918,1.2680854263799068,0.0027643844921519407,1.0199085268806996,0.24928326690441235,4
"frozenset({'Lightning Charging Cable', 'Wired Headphones'})",frozenset({'iPhone'}),0.0012453300124533001,0.06787048567870485,0.0012453300124533001,1.0,14.733944954128441,0.0011608088596778271,inf,0.933291770573566,4
frozenset({'iPhone'}),"frozenset({'Lightning Charging Cable', 'Wired Headphones'})",0.06787048567870485,0.0012453300124533001,0.0012453300124533001,0.01834862385321101,14.733944954128441,0.0011608088596778271,1.017422981576099,1.0000000000000002,4
