antecedents,consequents,antecedent support,consequent support,support,confidence,lift,leverage,conviction,zhangs_metric,Week of the Year
frozenset({'Google Phone'}),frozenset({'USB-C Charging Cable'}),0.029229082937522834,0.1308001461454147,0.006941907197661673,0.23750000000000002,1.8157472067039107,0.00311873887773724,1.1399342345633907,0.4627894538755621,52
frozenset({'USB-C Charging Cable'}),frozenset({'Google Phone'}),0.1308001461454147,0.029229082937522834,0.006941907197661673,0.05307262569832402,1.8157472067039107,0.00311873887773724,1.0251799065143565,0.5168690958164643,52
frozenset({'Lightning Charging Cable'}),frozenset({'iPhone'}),0.11490683229813664,0.03598830836682499,0.004384362440628425,0.03815580286168522,1.0602277404307863,0.0002490599264280387,1.002253477747549,0.06418128654970774,52
frozenset({'iPhone'}),frozenset({'Lightning Charging Cable'}),0.03598830836682499,0.11490683229813664,0.004384362440628425,0.1218274111675127,1.0602277404307863,0.0002490599264280387,1.0078806591749543,0.058927105047059704,52
frozenset({'Vareebadd Phone'}),frozenset({'USB-C Charging Cable'}),0.011691633175009134,0.1308001461454147,0.0025575447570332483,0.21875000000000003,1.67239874301676,0.0010282774290634748,1.1125758129338692,0.4068127805650911,52
frozenset({'USB-C Charging Cable'}),frozenset({'Vareebadd Phone'}),0.1308001461454147,0.011691633175009134,0.0025575447570332483,0.019553072625698324,1.6723987430167597,0.0010282774290634748,1.0080182202944352,0.46255929862487244,52
frozenset({'Vareebadd Phone'}),frozenset({'Wired Headphones'}),0.011691633175009134,0.10960906101571063,0.0016441359152356595,0.140625,1.28296875,0.00036262698118277674,1.0360912744544457,0.2231669747381393,52
frozenset({'Wired Headphones'}),frozenset({'Vareebadd Phone'}),0.10960906101571063,0.011691633175009134,0.0016441359152356595,0.015,1.28296875,0.00036262698118277674,1.003358748045676,0.24770893174668313,52
