antecedents,consequents,antecedent support,consequent support,support,confidence,lift,leverage,conviction,zhangs_metric,Week of the Year
frozenset({'Google Phone'}),frozenset({'USB-C Charging Cable'}),0.026973684210526316,0.12171052631578948,0.005592105263157895,0.2073170731707317,1.7033618984838497,0.0023091239612188365,1.107995951417004,0.42437258879210915,26
frozenset({'USB-C Charging Cable'}),frozenset({'Google Phone'}),0.12171052631578948,0.026973684210526316,0.005592105263157895,0.04594594594594594,1.7033618984838494,0.0023091239612188365,1.019885940062621,0.47014760960563995,26
frozenset({'Lightning Charging Cable'}),frozenset({'iPhone'}),0.12138157894736842,0.04111842105263158,0.007894736842105263,0.06504065040650407,1.5817886178861789,0.002903717970914127,1.0255863844393591,0.418616622987645,26
frozenset({'iPhone'}),frozenset({'Lightning Charging Cable'}),0.04111842105263158,0.12138157894736842,0.007894736842105263,0.192,1.5817886178861789,0.002903717970914127,1.0873990359562271,0.38357632933104624,26
frozenset({'Wired Headphones'}),frozenset({'Vareebadd Phone'}),0.09769736842105263,0.0125,0.0013157894736842105,0.013468013468013467,1.0774410774410774,9.457236842105258e-05,1.0009812286689421,0.07965730951512937,26
frozenset({'Vareebadd Phone'}),frozenset({'Wired Headphones'}),0.0125,0.09769736842105263,0.0013157894736842105,0.10526315789473684,1.0774410774410774,9.457236842105258e-05,1.0084558823529413,0.07278481012658224,26
