antecedents,consequents,antecedent support,consequent support,support,confidence,lift,leverage,conviction,zhangs_metric,Week of the Year
frozenset({'Apple Airpods Headphones'}),frozenset({'iPhone'}),0.08543096872616324,0.041571319603356215,0.0038138825324180014,0.04464285714285714,1.0738859764089121,0.00026240442747834,1.0032150673310662,0.07522935779816513,32
frozenset({'iPhone'}),frozenset({'Apple Airpods Headphones'}),0.041571319603356215,0.08543096872616324,0.0038138825324180014,0.09174311926605505,1.0738859764089121,0.00026240442747834,1.0069497415035173,0.07178670911261441,32
frozenset({'Google Phone'}),frozenset({'USB-C Charging Cable'}),0.031273836765827616,0.11708619374523264,0.006102212051868803,0.19512195121951217,1.666481290220068,0.0024404775411483305,1.0969535168619835,0.41284448818897634,32
frozenset({'USB-C Charging Cable'}),frozenset({'Google Phone'}),0.11708619374523264,0.031273836765827616,0.006102212051868803,0.05211726384364821,1.6664812902200683,0.0024404775411483305,1.021989457432615,0.4529697624190064,32
frozenset({'Lightning Charging Cable'}),frozenset({'iPhone'}),0.10755148741418764,0.041571319603356215,0.005720823798627002,0.05319148936170213,1.279523716572321,0.0012497665415154638,1.0122729882840957,0.24478632478632473,32
frozenset({'iPhone'}),frozenset({'Lightning Charging Cable'}),0.041571319603356215,0.10755148741418764,0.005720823798627002,0.13761467889908258,1.279523716572321,0.0012497665415154638,1.0348605092750378,0.22793473935535213,32
frozenset({'USB-C Charging Cable'}),frozenset({'Vareebadd Phone'}),0.11708619374523264,0.010297482837528604,0.0019069412662090007,0.016286644951140065,1.5816141874773797,0.0007012481956059186,1.0060883204267508,0.41650107991360696,32
frozenset({'Vareebadd Phone'}),frozenset({'USB-C Charging Cable'}),0.010297482837528604,0.11708619374523264,0.0019069412662090007,0.18518518518518517,1.5816141874773797,0.0007012481956059186,1.0835760349490327,0.37156069364161853,32
