antecedents,consequents,antecedent support,consequent support,support,confidence,lift,leverage,conviction,zhangs_metric,Week of the Year
frozenset({'Google Phone'}),frozenset({'USB-C Charging Cable'}),0.031746031746031744,0.12253968253968255,0.005714285714285714,0.18000000000000002,1.4689119170984457,0.0018241370622323005,1.070073557878436,0.3296903460837887,29
frozenset({'USB-C Charging Cable'}),frozenset({'Google Phone'}),0.12253968253968255,0.031746031746031744,0.005714285714285714,0.046632124352331605,1.4689119170984457,0.0018241370622323005,1.0156142167011732,0.36380447017205336,29
frozenset({'Vareebadd Phone'}),frozenset({'USB-C Charging Cable'}),0.011746031746031746,0.12253968253968255,0.0025396825396825397,0.21621621621621623,1.7644587592774121,0.0011003275384227765,1.1195183360700602,0.43840346932219726,29
frozenset({'USB-C Charging Cable'}),frozenset({'Vareebadd Phone'}),0.12253968253968255,0.011746031746031746,0.0025396825396825397,0.020725388601036267,1.764458759277412,0.0011003275384227765,1.009169396153523,0.4937590448625181,29
