antecedents,consequents,antecedent support,consequent support,support,confidence,lift,leverage,conviction,zhangs_metric,Week of the Year
frozenset({'Google Phone'}),frozenset({'USB-C Charging Cable'}),0.029716005266127516,0.12224938875305623,0.005266127515516268,0.17721518987341772,1.449620253164557,0.0016333640355495793,1.066804589053978,0.319663279151552,49
frozenset({'USB-C Charging Cable'}),frozenset({'Google Phone'}),0.12224938875305623,0.029716005266127516,0.005266127515516268,0.043076923076923075,1.4496202531645568,0.0016333640355495793,1.0139623739180341,0.3533625149224035,49
frozenset({'USB-C Charging Cable'}),frozenset({'Vareebadd Phone'}),0.12224938875305623,0.011284558961820575,0.002256911792364115,0.018461538461538463,1.6360000000000003,0.0008773813569337271,1.007311969709744,0.4428969359331478,49
frozenset({'Vareebadd Phone'}),frozenset({'USB-C Charging Cable'}),0.011284558961820575,0.12224938875305623,0.002256911792364115,0.2,1.6360000000000001,0.0008773813569337271,1.0971882640586796,0.39319003233783534,49
