antecedents,consequents,antecedent support,consequent support,support,confidence,lift,leverage,conviction,zhangs_metric,Week of the Year
frozenset({'Bose SoundSport Headphones'}),frozenset({'Vareebadd Phone'}),0.07913669064748201,0.011737978038621734,0.001893222264293828,0.02392344497607656,2.0381231671554256,0.0009643175274244824,1.0124841303427845,0.5531250000000001,35
frozenset({'Vareebadd Phone'}),frozenset({'Bose SoundSport Headphones'}),0.011737978038621734,0.07913669064748201,0.001893222264293828,0.16129032258064516,2.038123167155425,0.0009643175274244824,1.0979524073049254,0.5154022988505749,35
frozenset({'Google Phone'}),frozenset({'USB-C Charging Cable'}),0.028019689511548655,0.11700113593335858,0.005301022340022719,0.1891891891891892,1.6169859179567918,0.0020226868386715134,1.0890319323488578,0.3925649730090712,35
frozenset({'USB-C Charging Cable'}),frozenset({'Google Phone'}),0.11700113593335858,0.028019689511548655,0.005301022340022719,0.045307443365695796,1.616985917956792,0.0020226868386715134,1.0181081896302762,0.4321244792942907,35
frozenset({'Lightning Charging Cable'}),frozenset({'iPhone'}),0.12495266944339266,0.03180613404013631,0.005679666792881484,0.045454545454545456,1.4291125541125542,0.0017054054398920925,1.0142983357674762,0.34314149718736475,35
frozenset({'iPhone'}),frozenset({'Lightning Charging Cable'}),0.03180613404013631,0.12495266944339266,0.005679666792881484,0.17857142857142858,1.429112554112554,0.0017054054398920925,1.0652750111123916,0.31012905748924513,35
