antecedents,consequents,antecedent support,consequent support,support,confidence,lift,leverage,conviction,zhangs_metric,Week of the Year
frozenset({'Google Phone'}),frozenset({'USB-C Charging Cable'}),0.029714621947631657,0.11709326272433068,0.004707266843189173,0.1584158415841584,1.3529031295089307,0.0012278848087209767,1.049100946645207,0.26883717404487567,22
frozenset({'USB-C Charging Cable'}),frozenset({'Google Phone'}),0.11709326272433068,0.029714621947631657,0.004707266843189173,0.04020100502512563,1.3529031295089309,0.0012278848087209767,1.0109256033111063,0.2954431856047983,22
frozenset({'Lightning Charging Cable'}),frozenset({'iPhone'}),0.12003530450132392,0.04501323918799647,0.008237716975581053,0.06862745098039215,1.5246059207996923,0.00283453910305897,1.0253542063455194,0.3910302335578163,22
frozenset({'iPhone'}),frozenset({'Lightning Charging Cable'}),0.04501323918799647,0.12003530450132392,0.008237716975581053,0.1830065359477124,1.5246059207996923,0.00283453910305897,1.0770767872903795,0.36031159228941106,22
