antecedents,consequents,antecedent support,consequent support,support,confidence,lift,leverage,conviction,zhangs_metric,Week of the Year
frozenset({'Google Phone'}),frozenset({'USB-C Charging Cable'}),0.03143189755529686,0.11563833915405511,0.004268529297632906,0.13580246913580246,1.1743723589361172,0.0006337968678779725,1.023332778978879,0.15329982517482502,33
frozenset({'USB-C Charging Cable'}),frozenset({'Google Phone'}),0.11563833915405511,0.03143189755529686,0.004268529297632906,0.036912751677852344,1.1743723589361172,0.0006337968678779725,1.0056909217021657,0.16789660536918088,33
frozenset({'Lightning Charging Cable'}),frozenset({'iPhone'}),0.11757857974388825,0.037252619324796274,0.006596818005432673,0.056105610561056105,1.5060849834983498,0.0022167079334834026,1.019973623582471,0.380800869160329,33
frozenset({'iPhone'}),frozenset({'Lightning Charging Cable'}),0.037252619324796274,0.11757857974388825,0.006596818005432673,0.17708333333333334,1.5060849834983498,0.0022167079334834026,1.0723095739821107,0.3490290916850416,33
