antecedents,consequents,antecedent support,consequent support,support,confidence,lift,leverage,conviction,zhangs_metric,Week of the Year
frozenset({'USB-C Charging Cable'}),frozenset({'Google Phone'}),0.11859490815339993,0.028037383177570093,0.003867225265871737,0.03260869565217391,1.1630434782608696,0.0005421343830661314,1.0047254016591411,0.1590493601462523,28
frozenset({'Google Phone'}),frozenset({'USB-C Charging Cable'}),0.028037383177570093,0.11859490815339993,0.003867225265871737,0.13793103448275862,1.1630434782608696,0.0005421343830661314,1.0224299065420561,0.14423076923076925,28
frozenset({'Lightning Charging Cable'}),frozenset({'iPhone'}),0.11956171446986787,0.03222687721559781,0.003867225265871737,0.03234501347708895,1.00366576819407,1.412457396494102e-05,1.0001220851058863,0.004148365056124841,28
frozenset({'iPhone'}),frozenset({'Lightning Charging Cable'}),0.03222687721559781,0.11956171446986787,0.003867225265871737,0.12,1.0036657681940702,1.412457396494102e-05,1.0004980517387865,0.003774003774003685,28
frozenset({'Vareebadd Phone'}),frozenset({'USB-C Charging Cable'}),0.010957138253303255,0.11859490815339993,0.0016113438607798904,0.14705882352941177,1.240009590792839,0.0003118830560052859,1.0333714869925656,0.19569892473118278,28
frozenset({'USB-C Charging Cable'}),frozenset({'Vareebadd Phone'}),0.11859490815339993,0.010957138253303255,0.0016113438607798904,0.01358695652173913,1.2400095907928388,0.0003118830560052859,1.002666041660563,0.2195978062157221,28
frozenset({'Vareebadd Phone'}),frozenset({'Wired Headphones'}),0.010957138253303255,0.10570415726716081,0.0012890750886239124,0.11764705882352942,1.112984218077475,0.00013086002349872142,1.013535288430551,0.1026392961876833,28
frozenset({'Wired Headphones'}),frozenset({'Vareebadd Phone'}),0.10570415726716081,0.010957138253303255,0.0012890750886239124,0.012195121951219513,1.112984218077475,0.00013086002349872142,1.0012532674472732,0.11351351351351355,28
