antecedents,consequents,antecedent support,consequent support,support,confidence,lift,leverage,conviction,zhangs_metric,Week of the Year
"frozenset({'Wired Headphones', 'Apple Airpods Headphones'})",frozenset({'iPhone'}),0.0010899182561307902,0.05940054495912807,0.0010899182561307902,1.0,16.8348623853211,0.0010251765177557188,inf,0.9416257501363884,5
"frozenset({'Wired Headphones', 'iPhone'})",frozenset({'Apple Airpods Headphones'}),0.004359673024523161,0.1220708446866485,0.0010899182561307902,0.25,2.0479910714285716,0.0005577292874696523,1.1705722070844686,0.5139573070607553,5
"frozenset({'Apple Airpods Headphones', 'iPhone'})",frozenset({'Wired Headphones'}),0.0027247956403269754,0.14168937329700274,0.0010899182561307902,0.4,2.823076923076923,0.0007038436694904558,1.4305177111716623,0.6475409836065574,5
frozenset({'Wired Headphones'}),"frozenset({'Apple Airpods Headphones', 'iPhone'})",0.14168937329700274,0.0027247956403269754,0.0010899182561307902,0.007692307692307692,2.823076923076923,0.0007038436694904558,1.005006019897345,0.7523809523809524,5
frozenset({'Apple Airpods Headphones'}),"frozenset({'Wired Headphones', 'iPhone'})",0.1220708446866485,0.004359673024523161,0.0010899182561307902,0.00892857142857143,2.0479910714285716,0.0005577292874696523,1.0046100596509315,0.5828677839851024,5
frozenset({'iPhone'}),"frozenset({'Wired Headphones', 'Apple Airpods Headphones'})",0.05940054495912807,0.0010899182561307902,0.0010899182561307902,0.01834862385321101,16.834862385321102,0.0010251765177557188,1.017581298225063,1.0,5
