antecedents,consequents,antecedent support,consequent support,support,confidence,lift,leverage,conviction,zhangs_metric,Week of the Year
frozenset({'Google Phone'}),frozenset({'USB-C Charging Cable'}),0.033680639689847344,0.12042645989823116,0.006542282529682578,0.19424460431654678,1.6129728008337798,0.0024862423247264042,1.0916135899477308,0.39327240982205885,16
frozenset({'USB-C Charging Cable'}),frozenset({'Google Phone'}),0.12042645989823116,0.033680639689847344,0.006542282529682578,0.05432595573440644,1.6129728008337798,0.0024862423247264042,1.0218313235620125,0.43205795327007457,16
frozenset({'Lightning Charging Cable'}),frozenset({'iPhone'}),0.13448025199903077,0.04313060334383329,0.006542282529682578,0.04864864864864865,1.1279380504099605,0.0007420681231336381,1.005800218076084,0.13105014308821708,16
frozenset({'iPhone'}),frozenset({'Lightning Charging Cable'}),0.04313060334383329,0.13448025199903077,0.006542282529682578,0.15168539325842698,1.1279380504099605,0.0007420681231336381,1.0202815572461756,0.11853915196533589,16
frozenset({'Vareebadd Phone'}),frozenset({'USB-C Charging Cable'}),0.013084565059365156,0.12042645989823116,0.003149987884661982,0.24074074074074073,1.999068484983978,0.0015742600352545474,1.158462711353549,0.5063929441538083,16
frozenset({'USB-C Charging Cable'}),frozenset({'Vareebadd Phone'}),0.12042645989823116,0.013084565059365156,0.003149987884661982,0.026156941649899398,1.9990684849839782,0.0015742600352545474,1.0134234941435858,0.568192413646959,16
