antecedents,consequents,antecedent support,consequent support,support,confidence,lift,leverage,conviction,zhangs_metric,Week of the Year
frozenset({'iPhone'}),frozenset({'Lightning Charging Cable'}),0.05708418891170431,0.15441478439425052,0.009034907597535934,0.15827338129496402,1.0249885198224398,0.00022026487441444663,1.0045841450358906,0.0258552423186569,13
frozenset({'Lightning Charging Cable'}),frozenset({'iPhone'}),0.15441478439425052,0.05708418891170431,0.009034907597535934,0.058510638297872335,1.0249885198224398,0.00022026487441444663,1.0015150987830486,0.028831294979910754,13
