antecedents,consequents,antecedent support,consequent support,support,confidence,lift,leverage,conviction,zhangs_metric,Week of the Year
frozenset({'USB-C Charging Cable'}),frozenset({'Google Phone'}),0.11507097553609182,0.03141045001510118,0.004228329809725159,0.03674540682414698,1.1698465576418333,0.0006138986844598164,1.0055384701478105,0.16406630911750372,12
frozenset({'Google Phone'}),frozenset({'USB-C Charging Cable'}),0.03141045001510118,0.11507097553609182,0.004228329809725159,0.13461538461538464,1.1698465576418333,0.0006138986844598164,1.0225846504916272,0.1498953182769834,12
frozenset({'Lightning Charging Cable'}),frozenset({'iPhone'}),0.12473572938689217,0.03261854424645122,0.005738447598912715,0.04600484261501211,1.4103892027620843,0.0016697496907930069,1.01403183052339,0.3324434274091025,12
frozenset({'iPhone'}),frozenset({'Lightning Charging Cable'}),0.03261854424645122,0.12473572938689217,0.005738447598912715,0.17592592592592596,1.4103892027620843,0.0016697496907930069,1.062118440743996,0.30078709104950957,12
frozenset({'Vareebadd Phone'}),frozenset({'USB-C Charging Cable'}),0.009966777408637873,0.11507097553609182,0.001812141347025068,0.18181818181818182,1.5800524934383202,0.0006652545476620267,1.0815799187892212,0.3708053691275168,12
frozenset({'USB-C Charging Cable'}),frozenset({'Vareebadd Phone'}),0.11507097553609182,0.009966777408637873,0.001812141347025068,0.015748031496062992,1.5800524934383202,0.0006652545476620267,1.005873754152824,0.41484641638225267,12
