antecedents,consequents,antecedent support,consequent support,support,confidence,lift,leverage,conviction,zhangs_metric,Week of the Year
frozenset({'Google Phone'}),frozenset({'USB-C Charging Cable'}),0.033738601823708206,0.12674772036474163,0.006686930091185411,0.1981981981981982,1.5637219953766717,0.002410639221736681,1.089112393702401,0.3730875918670824,1
frozenset({'USB-C Charging Cable'}),frozenset({'Google Phone'}),0.12674772036474163,0.033738601823708206,0.006686930091185411,0.052757793764988015,1.563721995376672,0.002410639221736681,1.0200784887076295,0.41282473182925683,1
frozenset({'Lightning Charging Cable'}),frozenset({'iPhone'}),0.11641337386018237,0.036778115501519756,0.005167173252279635,0.044386422976501305,1.20687050903049,0.000885708742528247,1.0079616988057867,0.19399421275218032,1
frozenset({'iPhone'}),frozenset({'Lightning Charging Cable'}),0.036778115501519756,0.11641337386018237,0.005167173252279635,0.14049586776859505,1.20687050903049,0.000885708742528247,1.0280190554126725,0.17795556215543962,1
frozenset({'Vareebadd Phone'}),frozenset({'USB-C Charging Cable'}),0.013373860182370821,0.12674772036474163,0.0024316109422492403,0.18181818181818182,1.4344887726182691,0.0007365046516569509,1.067308341776427,0.3069932224276033,1
frozenset({'USB-C Charging Cable'}),frozenset({'Vareebadd Phone'}),0.12674772036474163,0.013373860182370821,0.0024316109422492403,0.01918465227817746,1.4344887726182691,0.0007365046516569509,1.005924450620908,0.34684998259658895,1
