antecedents,consequents,antecedent support,consequent support,support,confidence,lift,leverage,conviction,zhangs_metric,Week of the Year
frozenset({'USB-C Charging Cable'}),frozenset({'Google Phone'}),0.1215519854501364,0.029099727190057594,0.004243710215216732,0.034912718204488775,1.1997610141313382,0.0007065805992079125,1.0060232800950566,0.1895395839495217,11
frozenset({'Google Phone'}),frozenset({'USB-C Charging Cable'}),0.029099727190057594,0.1215519854501364,0.004243710215216732,0.14583333333333331,1.1997610141313382,0.0007065805992079125,1.028426943863255,0.1714910128897015,11
frozenset({'Lightning Charging Cable'}),frozenset({'iPhone'}),0.12215822976659593,0.03546529251288269,0.005456198848135798,0.04466501240694789,1.2594006489788128,0.0011238214966075404,1.0096298366683332,0.23463397790055254,11
frozenset({'iPhone'}),frozenset({'Lightning Charging Cable'}),0.03546529251288269,0.12215822976659593,0.005456198848135798,0.15384615384615385,1.259400648978813,0.0011238214966075404,1.0374493648212957,0.21354494028912635,11
frozenset({'Vareebadd Phone'}),frozenset({'USB-C Charging Cable'}),0.014549863595028797,0.1215519854501364,0.002121855107608366,0.14583333333333331,1.1997610141313382,0.00035329029960395626,1.028426943863255,0.16895900162587324,11
frozenset({'USB-C Charging Cable'}),frozenset({'Vareebadd Phone'}),0.1215519854501364,0.014549863595028797,0.002121855107608366,0.017456359102244388,1.1997610141313382,0.00035329029960395626,1.0029581337522677,0.1895395839495217,11
