antecedents,consequents,antecedent support,consequent support,support,confidence,lift,leverage,conviction,zhangs_metric,Week of the Year
frozenset({'Google Phone'}),frozenset({'USB-C Charging Cable'}),0.030491144787292312,0.12050392550666424,0.00383421581157568,0.12574850299401197,1.0435220468154598,0.00015991317151489368,1.0059989345231992,0.043018563357546384,50
frozenset({'USB-C Charging Cable'}),frozenset({'Google Phone'}),0.12050392550666424,0.030491144787292312,0.00383421581157568,0.031818181818181815,1.04352204681546,0.00015991317151489368,1.0013706485765057,0.047421335152288,50
frozenset({'Vareebadd Phone'}),frozenset({'USB-C Charging Cable'}),0.012050392550666424,0.12050392550666424,0.0021909804637575314,0.1818181818181818,1.508815426997245,0.000738860857505963,1.074939646602966,0.34134171132877456,50
frozenset({'USB-C Charging Cable'}),frozenset({'Vareebadd Phone'}),0.12050392550666424,0.012050392550666424,0.0021909804637575314,0.01818181818181818,1.508815426997245,0.000738860857505963,1.0062449705502472,0.3834336724102137,50
