antecedents,consequents,antecedent support,consequent support,support,confidence,lift,leverage,conviction,zhangs_metric,Week of the Year
frozenset({'Google Phone'}),frozenset({'USB-C Charging Cable'}),0.034792806880375296,0.13174354964816262,0.009382329945269743,0.2696629213483146,2.0468776047744472,0.004798602064626086,1.1888434474048235,0.529887268799784,36
frozenset({'USB-C Charging Cable'}),frozenset({'Google Phone'}),0.13174354964816262,0.034792806880375296,0.009382329945269743,0.0712166172106825,2.0468776047744472,0.004798602064626086,1.0392166903556341,0.5890552303767072,36
frozenset({'Lightning Charging Cable'}),frozenset({'iPhone'}),0.12157935887412041,0.031665363565285376,0.004691164972634871,0.03858520900321544,1.2185304275336433,0.0008413103718515435,1.0071975649872784,0.2041611036938141,36
frozenset({'iPhone'}),frozenset({'Lightning Charging Cable'}),0.031665363565285376,0.12157935887412041,0.004691164972634871,0.14814814814814817,1.218530427533643,0.0008413103718515435,1.0311894482782065,0.18520387565603563,36
frozenset({'Vareebadd Phone'}),frozenset({'USB-C Charging Cable'}),0.0109460516028147,0.13174354964816262,0.0023455824863174357,0.2142857142857143,1.6265366680796949,0.0009035107935306673,1.1050536640841566,0.38945981554677217,36
frozenset({'USB-C Charging Cable'}),frozenset({'Vareebadd Phone'}),0.13174354964816262,0.0109460516028147,0.0023455824863174357,0.017804154302670624,1.6265366680796949,0.0009035107935306673,1.0069824187608805,0.4436440042023113,36
frozenset({'Vareebadd Phone'}),frozenset({'Wired Headphones'}),0.0109460516028147,0.10398749022673964,0.001563721657544957,0.14285714285714285,1.3737916219119226,0.00042546922347587554,1.0453479280688036,0.2750988142292489,36
frozenset({'Wired Headphones'}),frozenset({'Vareebadd Phone'}),0.10398749022673964,0.0109460516028147,0.001563721657544957,0.015037593984962405,1.3737916219119226,0.00042546922347587554,1.0041540086780583,0.30366492146596846,36
