antecedents,consequents,antecedent support,consequent support,support,confidence,lift,leverage,conviction,zhangs_metric,Week of the Year
frozenset({'Google Phone'}),frozenset({'USB-C Charging Cable'}),0.029369627507163324,0.1279847182425979,0.0054918815663801334,0.18699186991869918,1.4610484164543136,0.0017330180649857822,1.0725787965616045,0.3251082945612064,44
frozenset({'USB-C Charging Cable'}),frozenset({'Google Phone'}),0.1279847182425979,0.029369627507163324,0.0054918815663801334,0.04291044776119402,1.4610484164543136,0.0017330180649857822,1.0141479135597669,0.36187437497023656,44
frozenset({'Lightning Charging Cable'}),frozenset({'iPhone'}),0.12320916905444126,0.03987583572110793,0.0066857688634192934,0.05426356589147287,1.3608132572065172,0.001772700278870179,1.015213255671943,0.30240429505135386,44
frozenset({'iPhone'}),frozenset({'Lightning Charging Cable'}),0.03987583572110793,0.12320916905444126,0.0066857688634192934,0.16766467065868262,1.360813257206517,0.001772700278870179,1.0534105666755993,0.2761573169431911,44
frozenset({'Vareebadd Phone'}),frozenset({'USB-C Charging Cable'}),0.012893982808022923,0.1279847182425979,0.0031041069723018147,0.24074074074074073,1.8810116086235487,0.0014538742155920995,1.1485079320707245,0.47448922630344975,44
frozenset({'USB-C Charging Cable'}),frozenset({'Vareebadd Phone'}),0.1279847182425979,0.012893982808022923,0.0031041069723018147,0.02425373134328358,1.8810116086235487,0.0014538742155920995,1.0116421132216056,0.5371134889207178,44
