antecedents,consequents,antecedent support,consequent support,support,confidence,lift,leverage,conviction,zhangs_metric,Week of the Year
"frozenset({'iPhone', 'Lightning Charging Cable'})",frozenset({'Apple Airpods Headphones'}),0.007962529274004685,0.11522248243559718,0.001405152224824356,0.1764705882352941,1.5315638450502151,0.00048768983540742274,1.0743726998996321,0.3498583569405098,6
"frozenset({'iPhone', 'Apple Airpods Headphones'})",frozenset({'Lightning Charging Cable'}),0.004215456674473068,0.1531615925058548,0.001405152224824356,0.3333333333333333,2.176350662589195,0.0007595061674226262,1.2702576112412176,0.5428033866415806,6
"frozenset({'Lightning Charging Cable', 'Apple Airpods Headphones'})",frozenset({'iPhone'}),0.00234192037470726,0.05667447306791569,0.001405152224824356,0.6,10.586776859504132,0.0012724251216208063,2.3583138173302105,0.9076682316118936,6
frozenset({'iPhone'}),"frozenset({'Lightning Charging Cable', 'Apple Airpods Headphones'})",0.05667447306791569,0.00234192037470726,0.001405152224824356,0.024793388429752067,10.586776859504132,0.0012724251216208063,1.0230222680903427,0.9599470374048329,6
frozenset({'Lightning Charging Cable'}),"frozenset({'iPhone', 'Apple Airpods Headphones'})",0.1531615925058548,0.004215456674473068,0.001405152224824356,0.009174311926605505,2.176350662589195,0.0007595061674226262,1.005004770578541,0.6382743362831859,6
frozenset({'Apple Airpods Headphones'}),"frozenset({'iPhone', 'Lightning Charging Cable'})",0.11522248243559718,0.007962529274004685,0.001405152224824356,0.012195121951219513,1.5315638450502151,0.00048768983540742274,1.0042848469077978,0.3922710428798305,6
