antecedents,consequents,antecedent support,consequent support,support,confidence,lift,leverage,conviction,zhangs_metric,Week of the Year
frozenset({'Google Phone'}),frozenset({'USB-C Charging Cable'}),0.033529959639863396,0.11580254579323192,0.009313877677739833,0.2777777777777778,2.3987190944295502,0.0054310229910993334,1.224273398132448,0.6033408287825249,13
frozenset({'USB-C Charging Cable'}),frozenset({'Google Phone'}),0.11580254579323192,0.033529959639863396,0.009313877677739833,0.08042895442359249,2.3987190944295502,0.0054310229910993334,1.0510009476802653,0.6594803370786517,13
frozenset({'Lightning Charging Cable'}),frozenset({'iPhone'}),0.11673393356100589,0.043154299906861225,0.006830176963675877,0.05851063829787235,1.355847237103934,0.001792605785476616,1.0163106871045768,0.2971401182297492,13
frozenset({'iPhone'}),frozenset({'Lightning Charging Cable'}),0.043154299906861225,0.11673393356100589,0.006830176963675877,0.15827338129496402,1.3558472371039338,0.001792605785476616,1.0493502840600015,0.27429060232434666,13
frozenset({'Vareebadd Phone'}),frozenset({'USB-C Charging Cable'}),0.011487115802545793,0.11580254579323192,0.001552312946289972,0.13513513513513514,1.1669444243170786,0.0002220756925335049,1.0223533064265755,0.14472361809045228,13
frozenset({'USB-C Charging Cable'}),frozenset({'Vareebadd Phone'}),0.11580254579323192,0.011487115802545793,0.001552312946289972,0.013404825737265416,1.1669444243170786,0.0002220756925335049,1.001943765776224,0.1617977528089888,13
