antecedents,consequents,antecedent support,consequent support,support,confidence,lift,leverage,conviction,zhangs_metric,Week of the Year
frozenset({'Google Phone'}),frozenset({'USB-C Charging Cable'}),0.030893536121673004,0.12024714828897339,0.004752851711026616,0.15384615384615383,1.2794162359379748,0.0010379920918330465,1.0397079156584859,0.22535556645414417,2
frozenset({'USB-C Charging Cable'}),frozenset({'Google Phone'}),0.12024714828897339,0.030893536121673004,0.004752851711026616,0.039525691699604744,1.279416235937975,0.0010379920918330465,1.0089873883177642,0.24824419232847109,2
frozenset({'Lightning Charging Cable'}),frozenset({'iPhone'}),0.1150190114068441,0.040399239543726234,0.006178707224334601,0.05371900826446281,1.3297034516285855,0.0015320266304269256,1.0140759127965864,0.280178468148393,2
frozenset({'iPhone'}),frozenset({'Lightning Charging Cable'}),0.040399239543726234,0.1150190114068441,0.006178707224334601,0.15294117647058825,1.3297034516285855,0.0015320266304269256,1.0447692226446978,0.2583914352116433,2
frozenset({'USB-C Charging Cable'}),frozenset({'Vareebadd Phone'}),0.12024714828897339,0.014733840304182509,0.0019011406844106464,0.015810276679841896,1.0730587785286243,0.0001294384044875595,1.0010937285262724,0.07739059967585092,2
frozenset({'Vareebadd Phone'}),frozenset({'USB-C Charging Cable'}),0.014733840304182509,0.12024714828897339,0.0019011406844106464,0.12903225806451613,1.0730587785286243,0.0001294384044875595,1.0100866075200676,0.06910274963820552,2
