antecedents,consequents,antecedent support,consequent support,support,confidence,lift,leverage,conviction,zhangs_metric,Week of the Year
frozenset({'Lightning Charging Cable'}),frozenset({'iPhone'}),0.12730769230769232,0.03769230769230769,0.006153846153846154,0.04833836858006042,1.2824465133485419,0.001355325443786982,1.0111868131868131,0.252368884971353,38
frozenset({'iPhone'}),frozenset({'Lightning Charging Cable'}),0.03769230769230769,0.12730769230769232,0.006153846153846154,0.163265306122449,1.2824465133485419,0.001355325443786982,1.0429737335834897,0.2288669064748201,38
