antecedents,consequents,antecedent support,consequent support,support,confidence,lift,leverage,conviction,zhangs_metric,Week of the Year
frozenset({'Google Phone'}),frozenset({'USB-C Charging Cable'}),0.036594291290558675,0.12051719931690656,0.006586972432300561,0.17999999999999997,1.493562753036437,0.0021767309349753627,1.0725400008330408,0.3430122956585351,40
frozenset({'USB-C Charging Cable'}),frozenset({'Google Phone'}),0.12051719931690656,0.036594291290558675,0.006586972432300561,0.054655870445344125,1.493562753036437,0.0021767309349753627,1.019105824630544,0.375743566034828,40
frozenset({'Vareebadd Phone'}),frozenset({'USB-C Charging Cable'}),0.010246401561356429,0.12051719931690656,0.0024396194193705783,0.23809523809523808,1.9756121071910544,0.001204751800119523,1.1543211758965604,0.49894010352477197,40
frozenset({'USB-C Charging Cable'}),frozenset({'Vareebadd Phone'}),0.12051719931690656,0.010246401561356429,0.0024396194193705783,0.020242914979757085,1.9756121071910544,0.001204751800119523,1.0102030529518387,0.561497919556172,40
