antecedents,consequents,antecedent support,consequent support,support,confidence,lift,leverage,conviction,zhangs_metric,Week of the Year
frozenset({'Lightning Charging Cable'}),frozenset({'iPhone'}),0.15704387990762125,0.05889145496535797,0.01077752117013087,0.06862745098039215,1.1653210303729333,0.001528978588966107,1.0104533851950892,0.16829745596868873,22
frozenset({'iPhone'}),frozenset({'Lightning Charging Cable'}),0.05889145496535797,0.15704387990762125,0.01077752117013087,0.1830065359477124,1.1653210303729333,0.001528978588966107,1.0317782909930715,0.15074496056091138,22
