antecedents,consequents,antecedent support,consequent support,support,confidence,lift,leverage,conviction,zhangs_metric,Week of the Year
frozenset({'USB-C Charging Cable'}),frozenset({'Google Phone'}),0.1391869918699187,0.03414634146341464,0.0074796747967479675,0.053738317757009345,1.5737650200267022,0.002726948245092207,1.0207046070460704,0.42353115093378885,9
frozenset({'Google Phone'}),frozenset({'USB-C Charging Cable'}),0.03414634146341464,0.1391869918699187,0.0074796747967479675,0.21904761904761902,1.573765020026702,0.002726948245092207,1.1022605591909578,0.3774703557312253,9
