antecedents,consequents,antecedent support,consequent support,support,confidence,lift,leverage,conviction,zhangs_metric,Week of the Year
frozenset({'Vareebadd Phone'}),frozenset({'USB-C Charging Cable'}),0.011086474501108648,0.12771618625277162,0.0017738359201773836,0.15999999999999998,1.2527777777777775,0.00035791367790718813,1.0384331116038432,0.20403587443946183,43
frozenset({'USB-C Charging Cable'}),frozenset({'Vareebadd Phone'}),0.12771618625277162,0.011086474501108648,0.0017738359201773836,0.013888888888888888,1.2527777777777775,0.00035791367790718813,1.0028418850129601,0.23131672597864758,43
