antecedents,consequents,antecedent support,consequent support,support,confidence,lift,leverage,conviction,zhangs_metric,Week of the Year
frozenset({'Google Phone'}),frozenset({'USB-C Charging Cable'}),0.03485930281394372,0.13061738765224695,0.008399832003359933,0.24096385542168677,1.8448068802541358,0.003846600934423984,1.1453770924581508,0.47447780678851187,5
frozenset({'USB-C Charging Cable'}),frozenset({'Google Phone'}),0.13061738765224695,0.03485930281394372,0.008399832003359933,0.06430868167202573,1.844806880254136,0.003846600934423984,1.0314733911507337,0.5267391304347827,5
frozenset({'Lightning Charging Cable'}),frozenset({'iPhone'}),0.12305753884922302,0.04577908441831163,0.00629987400251995,0.051194539249146756,1.1182953940570497,0.000666412543231706,1.00570765563106,0.12062579821200516,5
frozenset({'iPhone'}),frozenset({'Lightning Charging Cable'}),0.04577908441831163,0.12305753884922302,0.00629987400251995,0.13761467889908258,1.11829539405705,0.000666412543231706,1.0168800879301565,0.11085680751173714,5
frozenset({'USB-C Charging Cable'}),frozenset({'Vareebadd Phone'}),0.13061738765224695,0.01007979840403192,0.0029399412011759767,0.022508038585209004,2.232984994640943,0.0016233442655800392,1.0127144167642963,0.635127674258109,5
frozenset({'Vareebadd Phone'}),frozenset({'USB-C Charging Cable'}),0.01007979840403192,0.13061738765224695,0.0029399412011759767,0.2916666666666667,2.2329849946409435,0.0016233442655800392,1.2273636880203573,0.5577913812958362,5
