antecedents,consequents,antecedent support,consequent support,support,confidence,lift,leverage,conviction,zhangs_metric,Week of the Year
frozenset({'USB-C Charging Cable'}),frozenset({'Google Phone'}),0.12616459627329193,0.029114906832298136,0.005046583850931677,0.039999999999999994,1.3738666666666666,0.0013733133849002737,1.011338638716356,0.31141714793425135,34
frozenset({'Google Phone'}),frozenset({'USB-C Charging Cable'}),0.029114906832298136,0.12616459627329193,0.005046583850931677,0.17333333333333334,1.3738666666666666,0.0013733133849002737,1.057058956121018,0.28028788484606154,34
frozenset({'Lightning Charging Cable'}),frozenset({'iPhone'}),0.11645962732919254,0.036490683229813664,0.005046583850931677,0.043333333333333335,1.187517730496454,0.0007968924809999616,1.007152595927024,0.1787211031499257,34
frozenset({'iPhone'}),frozenset({'Lightning Charging Cable'}),0.036490683229813664,0.11645962732919254,0.005046583850931677,0.13829787234042554,1.187517730496454,0.0007968924809999616,1.0253431485315543,0.16388768362982709,34
frozenset({'Vareebadd Phone'}),frozenset({'USB-C Charging Cable'}),0.01358695652173913,0.12616459627329193,0.0038819875776397515,0.2857142857142857,2.2646153846153845,0.0021677946934917634,1.2233695652173913,0.5661157024793388,34
frozenset({'USB-C Charging Cable'}),frozenset({'Vareebadd Phone'}),0.12616459627329193,0.01358695652173913,0.0038819875776397515,0.030769230769230767,2.2646153846153845,0.0021677946934917634,1.0177277432712215,0.6390493114171479,34
