antecedents,consequents,antecedent support,consequent support,support,confidence,lift,leverage,conviction,zhangs_metric,Week of the Year
frozenset({'Google Phone'}),frozenset({'USB-C Charging Cable'}),0.02930703916735141,0.12955354697343194,0.0049301561216105174,0.16822429906542055,1.2984924225958783,0.001133325246190847,1.0464918030768853,0.23681652871833458,20
frozenset({'USB-C Charging Cable'}),frozenset({'Google Phone'}),0.12955354697343194,0.02930703916735141,0.0049301561216105174,0.03805496828752643,1.2984924225958785,0.001133325246190847,1.0090940010414127,0.2640899237815537,20
frozenset({'Lightning Charging Cable'}),frozenset({'iPhone'}),0.11394138592166529,0.03971514653519584,0.00657354149548069,0.057692307692307696,1.4526525198938993,0.002048342657178453,1.019077803676935,0.35167439464193717,20
frozenset({'iPhone'}),frozenset({'Lightning Charging Cable'}),0.03971514653519584,0.11394138592166529,0.00657354149548069,0.16551724137931031,1.452652519893899,0.002048342657178453,1.0618057772013103,0.32449134816505043,20
frozenset({'USB-C Charging Cable'}),frozenset({'Vareebadd Phone'}),0.12955354697343194,0.012051492741714598,0.001917282936181868,0.014799154334038054,1.2279934653084759,0.0003559693051681716,1.0027889354789035,0.21329677245347473,20
frozenset({'Vareebadd Phone'}),frozenset({'USB-C Charging Cable'}),0.012051492741714598,0.12955354697343194,0.001917282936181868,0.1590909090909091,1.2279934653084759,0.0003559693051681716,1.0351255117072702,0.18792823478157547,20
