antecedents,consequents,antecedent support,consequent support,support,confidence,lift,leverage,conviction,zhangs_metric,Week of the Year
frozenset({'Google Phone'}),frozenset({'USB-C Charging Cable'}),0.02721749696233293,0.1258809234507898,0.003888213851761847,0.14285714285714285,1.1348593491450634,0.00046205020012431153,1.0198055893074118,0.12215838121408934,48
frozenset({'USB-C Charging Cable'}),frozenset({'Google Phone'}),0.1258809234507898,0.02721749696233293,0.003888213851761847,0.03088803088803089,1.1348593491450634,0.00046205020012431153,1.003787523054804,0.13594662218515421,48
frozenset({'Wired Headphones'}),frozenset({'Google Phone'}),0.1086269744835966,0.02721749696233293,0.0036452004860267314,0.03355704697986577,1.2329218600191754,0.0006886461379920243,1.0065596732820306,0.2119411123227916,48
frozenset({'Google Phone'}),frozenset({'Wired Headphones'}),0.02721749696233293,0.1086269744835966,0.0036452004860267314,0.13392857142857142,1.2329218600191754,0.0006886461379920243,1.0292142150292491,0.19420434673994497,48
frozenset({'Lightning Charging Cable'}),frozenset({'iPhone'}),0.12004860267314703,0.0425273390036452,0.007290400972053463,0.06072874493927125,1.427993059572007,0.0021850533492586317,1.0193782209745674,0.3406057258584184,48
frozenset({'iPhone'}),frozenset({'Lightning Charging Cable'}),0.0425273390036452,0.12004860267314703,0.007290400972053463,0.17142857142857143,1.427993059572007,0.0021850533492586317,1.0620103071186158,0.3130287648054145,48
frozenset({'Vareebadd Phone'}),frozenset({'USB-C Charging Cable'}),0.010449574726609963,0.1258809234507898,0.0029161603888213854,0.2790697674418605,2.216934542515938,0.0016007582725676888,1.212487751342453,0.5547233136869679,48
frozenset({'USB-C Charging Cable'}),frozenset({'Vareebadd Phone'}),0.1258809234507898,0.010449574726609963,0.0029161603888213854,0.023166023166023165,2.2169345425159377,0.0016007582725676888,1.0130180242917313,0.6279770178852748,48
