antecedents,consequents,antecedent support,consequent support,support,confidence,lift,leverage,conviction,zhangs_metric,Week of the Year
frozenset({'USB-C Charging Cable'}),frozenset({'Google Phone'}),0.1160891089108911,0.03193069306930693,0.007425742574257425,0.06396588486140724,2.003272673178955,0.0037189368689344174,1.034224384853064,0.5665919910389247,14
frozenset({'Google Phone'}),frozenset({'USB-C Charging Cable'}),0.03193069306930693,0.1160891089108911,0.007425742574257425,0.23255813953488372,2.0032726731789556,0.0037189368689344174,1.1517626762676267,0.517335719764766,14
frozenset({'Lightning Charging Cable'}),frozenset({'iPhone'}),0.12301980198019802,0.040594059405940595,0.006435643564356435,0.05231388329979879,1.2887078568974824,0.0014417704146652286,1.0123667780790817,0.25545495994268214,14
frozenset({'iPhone'}),frozenset({'Lightning Charging Cable'}),0.040594059405940595,0.12301980198019802,0.006435643564356435,0.15853658536585363,1.2887078568974824,0.0014417704146652286,1.0422083512699094,0.23350797809002138,14
