antecedents,consequents,antecedent support,consequent support,support,confidence,lift,leverage,conviction,zhangs_metric,Week of the Year
frozenset({'USB-C Charging Cable'}),frozenset({'Google Phone'}),0.12244152046783625,0.03033625730994152,0.004568713450292397,0.03731343283582089,1.229994605286819,0.0008542959799596457,1.007247608685797,0.21307788421491045,51
frozenset({'Google Phone'}),frozenset({'USB-C Charging Cable'}),0.03033625730994152,0.12244152046783625,0.004568713450292397,0.15060240963855423,1.2299946052868191,0.0008542959799596457,1.033153954626519,0.1928382962683754,51
frozenset({'Lightning Charging Cable'}),frozenset({'iPhone'}),0.12262426900584796,0.03782894736842105,0.004934210526315789,0.040238450074515646,1.0636946802306744,0.0002954635080024623,1.0025105222294868,0.06824967020759565,51
frozenset({'iPhone'}),frozenset({'Lightning Charging Cable'}),0.03782894736842105,0.12262426900584796,0.004934210526315789,0.13043478260869565,1.0636946802306744,0.0002954635080024623,1.008982090643275,0.062234884457106676,51
frozenset({'Vareebadd Phone'}),frozenset({'USB-C Charging Cable'}),0.010416666666666666,0.12244152046783625,0.001827485380116959,0.17543859649122806,1.4328358208955223,0.0005520528752436648,1.06427304964539,0.3052631578947369,51
frozenset({'USB-C Charging Cable'}),frozenset({'Vareebadd Phone'}),0.12244152046783625,0.010416666666666666,0.001827485380116959,0.014925373134328358,1.4328358208955225,0.0005520528752436648,1.0045770202020203,0.3442315701790921,51
