antecedents,consequents,antecedent support,consequent support,support,confidence,lift,leverage,conviction,zhangs_metric,Week of the Year
frozenset({'Lightning Charging Cable'}),frozenset({'iPhone'}),0.11212814645308924,0.033562166285278416,0.004576659038901602,0.04081632653061224,1.2161410018552874,0.0008133955423829694,1.007562847915348,0.20017182130584185,39
frozenset({'iPhone'}),frozenset({'Lightning Charging Cable'}),0.033562166285278416,0.11212814645308924,0.004576659038901602,0.13636363636363635,1.2161410018552874,0.0008133955423829694,1.0280621462122124,0.1838989739542225,39
