antecedents,consequents,antecedent support,consequent support,support,confidence,lift,leverage,conviction,zhangs_metric,Week of the Year
frozenset({'Bose SoundSport Headphones'}),frozenset({'Vareebadd Phone'}),0.06666666666666667,0.013110181311018132,0.0011157601115760112,0.01673640167364017,1.2765957446808511,0.00024174802417480242,1.0036879432624113,0.23214285714285712,21
frozenset({'Vareebadd Phone'}),frozenset({'Bose SoundSport Headphones'}),0.013110181311018132,0.06666666666666667,0.0011157601115760112,0.0851063829787234,1.2765957446808511,0.00024174802417480242,1.02015503875969,0.21954494064443186,21
frozenset({'USB-C Charging Cable'}),frozenset({'Google Phone'}),0.11520223152022316,0.03152022315202232,0.003905160390516039,0.03389830508474576,1.0754462276886154,0.0002739603453876657,1.002461523404047,0.0792875157629254,21
frozenset({'Google Phone'}),frozenset({'USB-C Charging Cable'}),0.03152022315202232,0.11520223152022316,0.003905160390516039,0.12389380530973451,1.0754462276886154,0.0002739603453876657,1.0099206852344929,0.07243663594470029,21
frozenset({'Lightning Charging Cable'}),frozenset({'iPhone'}),0.13110181311018132,0.03737796373779637,0.008368200836820083,0.06382978723404255,1.7076849793585265,0.0034678820204283685,1.0282553569164448,0.47693953986088805,21
frozenset({'iPhone'}),frozenset({'Lightning Charging Cable'}),0.03737796373779637,0.13110181311018132,0.008368200836820083,0.22388059701492535,1.7076849793585263,0.0034678820204283685,1.1195418946464972,0.43050323577706934,21
