antecedents,consequents,antecedent support,consequent support,support,confidence,lift,leverage,conviction,zhangs_metric,Week of the Year
frozenset({'USB-C Charging Cable'}),frozenset({'Google Phone'}),0.12159127366057106,0.025665704202759064,0.004170676932948348,0.03430079155672824,1.336444591029024,0.0010499512695394016,1.008941798106979,0.2865932460527055,27
frozenset({'Google Phone'}),frozenset({'USB-C Charging Cable'}),0.025665704202759064,0.12159127366057106,0.004170676932948348,0.1625,1.336444591029024,0.0010499512695394016,1.0488462404052883,0.25837744737975227,27
frozenset({'Lightning Charging Cable'}),frozenset({'iPhone'}),0.12832852101379533,0.04042348411934552,0.006737247353224254,0.05249999999999999,1.2987499999999998,0.0015497614219640004,1.01274566319858,0.26389400073610597,27
frozenset({'iPhone'}),frozenset({'Lightning Charging Cable'}),0.04042348411934552,0.12832852101379533,0.006737247353224254,0.16666666666666666,1.2987499999999998,0.0015497614219640004,1.0460057747834455,0.2397191574724172,27
frozenset({'Vareebadd Phone'}),frozenset({'USB-C Charging Cable'}),0.011549566891241578,0.12159127366057106,0.0028873917228103944,0.25,2.0560686015831138,0.001483065174276369,1.1712116351192385,0.5196364816617981,27
frozenset({'USB-C Charging Cable'}),frozenset({'Vareebadd Phone'}),0.12159127366057106,0.011549566891241578,0.0028873917228103944,0.023746701846965697,2.0560686015831133,0.001483065174276369,1.0124938220222148,0.5847333820306795,27
