antecedents,consequents,antecedent support,consequent support,support,confidence,lift,leverage,conviction,zhangs_metric,Week of the Year
frozenset({'Google Phone'}),frozenset({'USB-C Charging Cable'}),0.030854248215519225,0.1337784941284826,0.006677411927239235,0.2164179104477612,1.61773319289953,0.0025497770635006514,1.1054636360646033,0.394007914075749,42
frozenset({'USB-C Charging Cable'}),frozenset({'Google Phone'}),0.1337784941284826,0.030854248215519225,0.006677411927239235,0.04991394148020654,1.6177331928995298,0.0025497770635006514,1.02006101772968,0.4408238464499808,42
frozenset({'Google Phone'}),frozenset({'Wired Headphones'}),0.030854248215519225,0.11098319134239006,0.0036840893391664746,0.11940298507462686,1.0758654858487644,0.0002597864057379074,1.0095614606789807,0.07276075077215483,42
frozenset({'Wired Headphones'}),frozenset({'Google Phone'}),0.11098319134239006,0.030854248215519225,0.0036840893391664746,0.03319502074688797,1.0758654858487646,0.0002597864057379074,1.0024211424036904,0.07931882931882925,42
frozenset({'Lightning Charging Cable'}),frozenset({'iPhone'}),0.12180520377619157,0.03638038222426894,0.0052958784250518075,0.043478260869565216,1.1951018161805174,0.0008645585547689917,1.0074205094928097,0.18589407446250653,42
frozenset({'iPhone'}),frozenset({'Lightning Charging Cable'}),0.03638038222426894,0.12180520377619157,0.0052958784250518075,0.14556962025316456,1.1951018161805174,0.0008645585547689917,1.0278131689137906,0.16941457586618874,42
frozenset({'USB-C Charging Cable'}),frozenset({'Vareebadd Phone'}),0.1337784941284826,0.008749712180520378,0.002072300253281142,0.015490533562822721,1.7704049279826073,0.0009017769337134841,1.0068468832571986,0.5023628093803534,42
frozenset({'Vareebadd Phone'}),frozenset({'USB-C Charging Cable'}),0.008749712180520378,0.1337784941284826,0.002072300253281142,0.2368421052631579,1.7704049279826073,0.0009017769337134841,1.135048869762678,0.43899858046199514,42
